{
  "Zibmcl": 12796,
  "Odqucr": 174411.28178717924,
  "Yzea": 146896.09105652967,
  "Hcujo": 5591.832245518908,
  "Dbivl": 439341,
  "Dgrpdu": 12796,
  "Myir": 174411.28178717924,
  "Jilpsx": 146896.09105652967
}